{"loss": 1.5606988668441772, "accuracy": 0.315116286277771, "train_step": 430, "epoch": 0, "_timestamp": 1687705608.856145, "_runtime": 670.3444738388062, "_step": 43}