{"loss": 1.4910826683044434, "accuracy": 0.36546415090560913, "train_step": 1360, "epoch": 0, "_timestamp": 1687707886.547898, "_runtime": 2026.815360069275, "_step": 136}