{"loss": 1.5854500532150269, "accuracy": 0.3017045557498932, "train_step": 220, "epoch": 0, "_timestamp": 1687708423.737161, "_runtime": 398.47516202926636, "_step": 22}